operacao;unidade;grupo;porcentagem
ACEIRO QUIMICO;ACAILANDIA;MOTORISTA APLICAÇÃO DE HERB. MECANIZADA;100%
ADUB SOLIDA DE COBERTURA MECANICA I;ACAILANDIA;MOTORISTA ADUBAÇÃO MECANIZADA;100%
ADUB SOLIDA DE COBERTURA MECANICA II;ACAILANDIA;MOTORISTA ADUBAÇÃO MECANIZADA;100%
ADUB SOLIDA DE COBERTURA MECANICA III;ACAILANDIA;MOTORISTA ADUBAÇÃO MECANIZADA;100%
ADUBACAO COM MARCACAO DE COVA;ACAILANDIA;MOTORISTA ADUBAÇÃO MECANIZADA;100%
ADUBACAO DE PLANTIO MECANIZADA;ACAILANDIA;MOTORISTA ADUBAÇÃO MECANIZADA;100%
APL HERBICIDA PRE EMERG MECAN AREA TOTAL;ACAILANDIA;MOTORISTA APLICAÇÃO DE HERB. MECANIZADA;100%
APL HERBICIDA PRE EMERG MECAN NA LINHA;ACAILANDIA;MOTORISTA APLICAÇÃO DE HERB. MECANIZADA;100%
APL HERBICIDA PRE EMERG MECAN REMONT;ACAILANDIA;MOTORISTA APLICAÇÃO DE HERB. MECANIZADA;100%
APLI . HERB. MEC. NA ENTRELINHA CONJ;ACAILANDIA;MOTORISTA APLICAÇÃO DE HERB. MECANIZADA;100%
APLIC HERB MECAN POS EMERG AREA TOTAL;ACAILANDIA;MOTORISTA APLICAÇÃO DE HERB. MECANIZADA;100%
APLIC HERB. MECAN NA ENTRELINHA I ABERTA;ACAILANDIA;MOTORISTA APLICAÇÃO DE HERB. MECANIZADA;100%
APLICACAO HERBICIDA MEC  ENTRELINHA III;ACAILANDIA;MOTORISTA APLICAÇÃO DE HERB. MECANIZADA;100%
APLICACAO HERBICIDA MEC NA ENTRELINHA I;ACAILANDIA;MOTORISTA APLICAÇÃO DE HERB. MECANIZADA;100%
APLICACAO HERBICIDA MEC NA ENTRELINHA II;ACAILANDIA;MOTORISTA APLICAÇÃO DE HERB. MECANIZADA;100%
APLICACAO MEC DE DEFEN QUIMICOS AGROFOG;ACAILANDIA;MOTORISTA APLICAÇÃO DE HERB. MECANIZADA;100%
APOIO A ADUBACAO COMPLEMENTAR;ACAILANDIA;MOTORISTA ADUBAÇÃO MECANIZADA;100%
APOIO A ADUBAÇÃO DE PLANTIO MANUAL;ACAILANDIA;MOTORISTA ADUBAÇÃO MECANIZADA;100%
APOIO ADUBACAO MECANIZADA;ACAILANDIA;MOTORISTA ADUBAÇÃO MECANIZADA;100%
APOIO AO REPLANTIO;ACAILANDIA;MOTORISTA DO PLANTIO;100%
APOIO APLI. DE HERB. MANUAL NA LINHA;ACAILANDIA;MOTORISTA APLICAÇÃO DE HERB. MECANIZADA;100%
APOIO APLIC. DE HERBICIDA MANUAL TOTAL;ACAILANDIA;MOTORISTA APLICAÇÃO DE HERB. MECANIZADA;100%
APOIO APLIC.HERB. MANUAL NA ENTRELINHA;ACAILANDIA;MOTORISTA APLICAÇÃO DE HERB. MECANIZADA;100%
APOIO IRRIGACAO COM LODO PRIMARIO I;ACAILANDIA;MOTORISTA IRRIGAÇÃO;100%
APOIO IRRIGACAO DE PLANTIO I;ACAILANDIA;MOTORISTA IRRIGAÇÃO;100%
APOIO IRRIGACAO DE PLANTIO II;ACAILANDIA;MOTORISTA IRRIGAÇÃO;100%
APOIO IRRIGACAO DE PLANTIO III;ACAILANDIA;MOTORISTA IRRIGAÇÃO;100%
APOIO IRRIGACAO DE PLANTIO IV;ACAILANDIA;MOTORISTA IRRIGAÇÃO;100%
APOIO IRRIGACAO DE PLANTIO V;ACAILANDIA;MOTORISTA IRRIGAÇÃO;100%
APOIO IRRIGACAO REPLANTIO I;ACAILANDIA;MOTORISTA IRRIGAÇÃO;100%
APOIO IRRIGACAO REPLANTIO II;ACAILANDIA;MOTORISTA IRRIGAÇÃO;100%
APOIO IRRIGACAO REPLANTIO III;ACAILANDIA;MOTORISTA IRRIGAÇÃO;100%
APOIO IRRIGACAO REPLANTIO IV;ACAILANDIA;MOTORISTA IRRIGAÇÃO;100%
APOIO IRRIGACAO REPLANTIO V;ACAILANDIA;MOTORISTA IRRIGAÇÃO;100%
APOIO PLANTIO;ACAILANDIA;MOTORISTA DO PLANTIO;100%
GRADAGEM BEDDING;ACAILANDIA;SEM PRODUÇÃO PARA MOTORISTA;0%
GRADAGEM ENTRELINHA;ACAILANDIA;SEM PRODUÇÃO PARA MOTORISTA;0%
GRADAGEM NA LINHA;ACAILANDIA;SEM PRODUÇÃO PARA MOTORISTA;0%
IMP-CAPINA QUIMICA LAMINA PRE EMERGENTE;ACAILANDIA;MOTORISTA APLICAÇÃO DE HERB. MECANIZADA;100%
LIMPEZA DA LINHA DE PLANTIO AIVECAO I;ACAILANDIA;SEM PRODUÇÃO PARA MOTORISTA;0%
MARCACAO DE COVA MECANIZADA;ACAILANDIA;SEM PRODUÇÃO PARA MOTORISTA;0%
PARADO A DISPOSICAO;ACAILANDIA;SEM PRODUÇÃO PARA MOTORISTA;0%
PARADO MANUTENCAO;ACAILANDIA;SEM PRODUÇÃO PARA MOTORISTA;0%
ROCADA MECANIZADA NA ENTRELINHA;ACAILANDIA;MOTORISTA ROÇADA MECANIZADA;100%
ROCADA MECANIZADA TOTAL;ACAILANDIA;MOTORISTA ROÇADA MECANIZADA;100%
ROLO FACA;ACAILANDIA;SEM PRODUÇÃO PARA MOTORISTA;0%
ROLO FACA PESADO;ACAILANDIA;SEM PRODUÇÃO PARA MOTORISTA;0%
SUBSOLAGEM C/ADUB E MARC. DE COVA 40CM;ACAILANDIA;MOTORISTA PREPARO DE SOLO;50%
SUBSOLAGEM SEM ADU.TRATOR PESADO-40CM;ACAILANDIA;MOTORISTA PREPARO DE SOLO;50%
SUBSOLAGEM SEM ADUBACAO MECANIZADA 60CM;ACAILANDIA;MOTORISTA PREPARO DE SOLO;50%
TRANSP. FUNC.;ACAILANDIA;SEM PRODUÇÃO PARA MOTORISTA;0%
TRANSPORTES DIVERSOS;ACAILANDIA;SEM PRODUÇÃO PARA MOTORISTA;0%
TRATOR DE PNEU LEVE H NORMAL;ACAILANDIA;SEM PRODUÇÃO PARA MOTORISTA;0%
TRATOR DE PNEU MEDIO H NORMAL;ACAILANDIA;SEM PRODUÇÃO PARA MOTORISTA;0%
TRATOR DE PNEU PESADO H NORMAL;ACAILANDIA;SEM PRODUÇÃO PARA MOTORISTA;0%
ACEIRO QUIMICO;AÇAILANDIA MA2;MOTORISTA APLICAÇÃO DE HERB. MECANIZADA;100%
ADUB SOLIDA DE COBERTURA MECANICA I;AÇAILANDIA MA2;MOTORISTA ADUBAÇÃO MECANIZADA;100%
ADUB SOLIDA DE COBERTURA MECANICA II;AÇAILANDIA MA2;MOTORISTA ADUBAÇÃO MECANIZADA;100%
ADUB SOLIDA DE COBERTURA MECANICA III;AÇAILANDIA MA2;MOTORISTA ADUBAÇÃO MECANIZADA;100%
ADUBACAO COM MARCACAO DE COVA;AÇAILANDIA MA2;MOTORISTA ADUBAÇÃO MECANIZADA;100%
ADUBACAO DE PLANTIO MECANIZADA;AÇAILANDIA MA2;MOTORISTA ADUBAÇÃO MECANIZADA;100%
APL HERBICIDA PRE EMERG MECAN AREA TOTAL;AÇAILANDIA MA2;MOTORISTA APLICAÇÃO DE HERB. MECANIZADA;100%
APL HERBICIDA PRE EMERG MECAN NA LINHA;AÇAILANDIA MA2;MOTORISTA APLICAÇÃO DE HERB. MECANIZADA;100%
APL HERBICIDA PRE EMERG MECAN REMONT;AÇAILANDIA MA2;MOTORISTA APLICAÇÃO DE HERB. MECANIZADA;100%
APLI . HERB. MEC. NA ENTRELINHA CONJ;AÇAILANDIA MA2;MOTORISTA APLICAÇÃO DE HERB. MECANIZADA;100%
APLIC HERB MECAN POS EMERG AREA TOTAL;AÇAILANDIA MA2;MOTORISTA APLICAÇÃO DE HERB. MECANIZADA;100%
APLIC HERB. MECAN NA ENTRELINHA I ABERTA;AÇAILANDIA MA2;MOTORISTA APLICAÇÃO DE HERB. MECANIZADA;100%
APLICACAO HERBICIDA MEC  ENTRELINHA III;AÇAILANDIA MA2;MOTORISTA APLICAÇÃO DE HERB. MECANIZADA;100%
APLICACAO HERBICIDA MEC NA ENTRELINHA I;AÇAILANDIA MA2;MOTORISTA APLICAÇÃO DE HERB. MECANIZADA;100%
APLICACAO HERBICIDA MEC NA ENTRELINHA II;AÇAILANDIA MA2;MOTORISTA APLICAÇÃO DE HERB. MECANIZADA;100%
APLICACAO MEC DE DEFEN QUIMICOS AGROFOG;AÇAILANDIA MA2;MOTORISTA APLICAÇÃO DE HERB. MECANIZADA;100%
APOIO A ADUBACAO COMPLEMENTAR;AÇAILANDIA MA2;MOTORISTA ADUBAÇÃO MECANIZADA;100%
APOIO A ADUBAÇÃO DE PLANTIO MANUAL;AÇAILANDIA MA2;MOTORISTA ADUBAÇÃO MECANIZADA;100%
APOIO ADUBACAO MECANIZADA;AÇAILANDIA MA2;MOTORISTA ADUBAÇÃO MECANIZADA;100%
APOIO AO REPLANTIO;AÇAILANDIA MA2;MOTORISTA DO PLANTIO;100%
APOIO APLI. DE HERB. MANUAL NA LINHA;AÇAILANDIA MA2;MOTORISTA APLICAÇÃO DE HERB. MECANIZADA;100%
APOIO APLIC. DE HERBICIDA MANUAL TOTAL;AÇAILANDIA MA2;MOTORISTA APLICAÇÃO DE HERB. MECANIZADA;100%
APOIO APLIC.HERB. MANUAL NA ENTRELINHA;AÇAILANDIA MA2;MOTORISTA APLICAÇÃO DE HERB. MECANIZADA;100%
APOIO IRRIGACAO COM LODO PRIMARIO I;AÇAILANDIA MA2;MOTORISTA IRRIGAÇÃO;100%
APOIO IRRIGACAO DE PLANTIO I;AÇAILANDIA MA2;MOTORISTA IRRIGAÇÃO;100%
APOIO IRRIGACAO DE PLANTIO II;AÇAILANDIA MA2;MOTORISTA IRRIGAÇÃO;100%
APOIO IRRIGACAO DE PLANTIO III;AÇAILANDIA MA2;MOTORISTA IRRIGAÇÃO;100%
APOIO IRRIGACAO DE PLANTIO IV;AÇAILANDIA MA2;MOTORISTA IRRIGAÇÃO;100%
APOIO IRRIGACAO DE PLANTIO V;AÇAILANDIA MA2;MOTORISTA IRRIGAÇÃO;100%
APOIO IRRIGACAO REPLANTIO I;AÇAILANDIA MA2;MOTORISTA IRRIGAÇÃO;100%
APOIO IRRIGACAO REPLANTIO II;AÇAILANDIA MA2;MOTORISTA IRRIGAÇÃO;100%
APOIO IRRIGACAO REPLANTIO III;AÇAILANDIA MA2;MOTORISTA IRRIGAÇÃO;100%
APOIO IRRIGACAO REPLANTIO IV;AÇAILANDIA MA2;MOTORISTA IRRIGAÇÃO;100%
APOIO IRRIGACAO REPLANTIO V;AÇAILANDIA MA2;MOTORISTA IRRIGAÇÃO;100%
APOIO PLANTIO;AÇAILANDIA MA2;MOTORISTA DO PLANTIO;100%
GRADAGEM BEDDING;AÇAILANDIA MA2;SEM PRODUÇÃO PARA MOTORISTA;0%
GRADAGEM ENTRELINHA;AÇAILANDIA MA2;SEM PRODUÇÃO PARA MOTORISTA;0%
GRADAGEM NA LINHA;AÇAILANDIA MA2;SEM PRODUÇÃO PARA MOTORISTA;0%
IMP-CAPINA QUIMICA LAMINA PRE EMERGENTE;AÇAILANDIA MA2;MOTORISTA APLICAÇÃO DE HERB. MECANIZADA;100%
LIMPEZA DA LINHA DE PLANTIO AIVECAO I;AÇAILANDIA MA2;SEM PRODUÇÃO PARA MOTORISTA;0%
MARCACAO DE COVA MECANIZADA;AÇAILANDIA MA2;SEM PRODUÇÃO PARA MOTORISTA;0%
PARADO A DISPOSICAO;AÇAILANDIA MA2;SEM PRODUÇÃO PARA MOTORISTA;0%
PARADO MANUTENCAO;AÇAILANDIA MA2;SEM PRODUÇÃO PARA MOTORISTA;0%
ROCADA MECANIZADA NA ENTRELINHA;AÇAILANDIA MA2;MOTORISTA ROÇADA MECANIZADA;100%
ROCADA MECANIZADA TOTAL;AÇAILANDIA MA2;MOTORISTA ROÇADA MECANIZADA;100%
ROLO FACA;AÇAILANDIA MA2;SEM PRODUÇÃO PARA MOTORISTA;0%
ROLO FACA PESADO;AÇAILANDIA MA2;SEM PRODUÇÃO PARA MOTORISTA;0%
SUBSOLAGEM C/ADUB E MARC. DE COVA 40CM;AÇAILANDIA MA2;MOTORISTA PREPARO DE SOLO;50%
SUBSOLAGEM SEM ADU.TRATOR PESADO-40CM;AÇAILANDIA MA2;MOTORISTA PREPARO DE SOLO;50%
SUBSOLAGEM SEM ADUBACAO MECANIZADA 60CM;AÇAILANDIA MA2;MOTORISTA PREPARO DE SOLO;50%
TRANSP. FUNC.;AÇAILANDIA MA2;SEM PRODUÇÃO PARA MOTORISTA;0%
TRANSPORTES DIVERSOS;AÇAILANDIA MA2;SEM PRODUÇÃO PARA MOTORISTA;0%
TRATOR DE PNEU LEVE H NORMAL;AÇAILANDIA MA2;SEM PRODUÇÃO PARA MOTORISTA;0%
TRATOR DE PNEU MEDIO H NORMAL;AÇAILANDIA MA2;SEM PRODUÇÃO PARA MOTORISTA;0%
TRATOR DE PNEU PESADO H NORMAL;AÇAILANDIA MA2;SEM PRODUÇÃO PARA MOTORISTA;0%
ACEIRO QUIMICO;BOM JESUS;MOTORISTA APLICAÇÃO DE HERB. MECANIZADA;100%
ADUB SOLIDA DE COBERTURA MECANICA I;BOM JESUS;MOTORISTA ADUBAÇÃO MECANIZADA;100%
ADUB SOLIDA DE COBERTURA MECANICA II;BOM JESUS;MOTORISTA ADUBAÇÃO MECANIZADA;100%
ADUB SOLIDA DE COBERTURA MECANICA III;BOM JESUS;MOTORISTA ADUBAÇÃO MECANIZADA;100%
ADUBACAO COM MARCACAO DE COVA;BOM JESUS;MOTORISTA ADUBAÇÃO MECANIZADA;100%
ADUBACAO DE PLANTIO MECANIZADA;BOM JESUS;MOTORISTA ADUBAÇÃO MECANIZADA;100%
APL HERBICIDA PRE EMERG MECAN AREA TOTAL;BOM JESUS;MOTORISTA APLICAÇÃO DE HERB. MECANIZADA;100%
APL HERBICIDA PRE EMERG MECAN NA LINHA;BOM JESUS;MOTORISTA APLICAÇÃO DE HERB. MECANIZADA;100%
APL HERBICIDA PRE EMERG MECAN REMONT;BOM JESUS;MOTORISTA APLICAÇÃO DE HERB. MECANIZADA;100%
APLI . HERB. MEC. NA ENTRELINHA CONJ;BOM JESUS;MOTORISTA APLICAÇÃO DE HERB. MECANIZADA;100%
APLIC HERB MECAN POS EMERG AREA TOTAL;BOM JESUS;MOTORISTA APLICAÇÃO DE HERB. MECANIZADA;100%
APLIC HERB. MECAN NA ENTRELINHA I ABERTA;BOM JESUS;MOTORISTA APLICAÇÃO DE HERB. MECANIZADA;100%
APLICACAO HERBICIDA MEC  ENTRELINHA III;BOM JESUS;MOTORISTA APLICAÇÃO DE HERB. MECANIZADA;100%
APLICACAO HERBICIDA MEC NA ENTRELINHA I;BOM JESUS;MOTORISTA APLICAÇÃO DE HERB. MECANIZADA;100%
APLICACAO HERBICIDA MEC NA ENTRELINHA II;BOM JESUS;MOTORISTA APLICAÇÃO DE HERB. MECANIZADA;100%
APLICACAO MEC DE DEFEN QUIMICOS AGROFOG;BOM JESUS;MOTORISTA APLICAÇÃO DE HERB. MECANIZADA;100%
APOIO A ADUBACAO COMPLEMENTAR;BOM JESUS;MOTORISTA ADUBAÇÃO MECANIZADA;100%
APOIO A ADUBAÇÃO DE PLANTIO MANUAL;BOM JESUS;MOTORISTA ADUBAÇÃO MECANIZADA;100%
APOIO ADUBACAO MECANIZADA;BOM JESUS;MOTORISTA ADUBAÇÃO MECANIZADA;100%
APOIO AO REPLANTIO;BOM JESUS;MOTORISTA DO PLANTIO;100%
APOIO APLI. DE HERB. MANUAL NA LINHA;BOM JESUS;MOTORISTA APLICAÇÃO DE HERB. MECANIZADA;100%
APOIO APLIC. DE HERBICIDA MANUAL TOTAL;BOM JESUS;MOTORISTA APLICAÇÃO DE HERB. MECANIZADA;100%
APOIO APLIC.HERB. MANUAL NA ENTRELINHA;BOM JESUS;MOTORISTA APLICAÇÃO DE HERB. MECANIZADA;100%
APOIO IRRIGACAO COM LODO PRIMARIO I;BOM JESUS;MOTORISTA IRRIGAÇÃO;100%
APOIO IRRIGACAO DE PLANTIO I;BOM JESUS;MOTORISTA IRRIGAÇÃO;100%
APOIO IRRIGACAO DE PLANTIO II;BOM JESUS;MOTORISTA IRRIGAÇÃO;100%
APOIO IRRIGACAO DE PLANTIO III;BOM JESUS;MOTORISTA IRRIGAÇÃO;100%
APOIO IRRIGACAO DE PLANTIO IV;BOM JESUS;MOTORISTA IRRIGAÇÃO;100%
APOIO IRRIGACAO DE PLANTIO V;BOM JESUS;MOTORISTA IRRIGAÇÃO;100%
APOIO IRRIGACAO REPLANTIO I;BOM JESUS;MOTORISTA IRRIGAÇÃO;100%
APOIO IRRIGACAO REPLANTIO II;BOM JESUS;MOTORISTA IRRIGAÇÃO;100%
APOIO IRRIGACAO REPLANTIO III;BOM JESUS;MOTORISTA IRRIGAÇÃO;100%
APOIO IRRIGACAO REPLANTIO IV;BOM JESUS;MOTORISTA IRRIGAÇÃO;100%
APOIO IRRIGACAO REPLANTIO V;BOM JESUS;MOTORISTA IRRIGAÇÃO;100%
APOIO PLANTIO;BOM JESUS;MOTORISTA DO PLANTIO;100%
GRADAGEM BEDDING;BOM JESUS;SEM PRODUÇÃO PARA MOTORISTA;0%
GRADAGEM ENTRELINHA;BOM JESUS;SEM PRODUÇÃO PARA MOTORISTA;0%
GRADAGEM NA LINHA;BOM JESUS;SEM PRODUÇÃO PARA MOTORISTA;0%
IMP-CAPINA QUIMICA LAMINA PRE EMERGENTE;BOM JESUS;MOTORISTA APLICAÇÃO DE HERB. MECANIZADA;100%
LIMPEZA DA LINHA DE PLANTIO AIVECAO I;BOM JESUS;SEM PRODUÇÃO PARA MOTORISTA;0%
MARCACAO DE COVA MECANIZADA;BOM JESUS;SEM PRODUÇÃO PARA MOTORISTA;0%
PARADO A DISPOSICAO;BOM JESUS;SEM PRODUÇÃO PARA MOTORISTA;0%
PARADO MANUTENCAO;BOM JESUS;SEM PRODUÇÃO PARA MOTORISTA;0%
ROCADA MECANIZADA NA ENTRELINHA;BOM JESUS;MOTORISTA ROÇADA MECANIZADA;100%
ROCADA MECANIZADA TOTAL;BOM JESUS;MOTORISTA ROÇADA MECANIZADA;100%
ROLO FACA;BOM JESUS;SEM PRODUÇÃO PARA MOTORISTA;0%
ROLO FACA PESADO;BOM JESUS;SEM PRODUÇÃO PARA MOTORISTA;0%
SUBSOLAGEM C/ADUB E MARC. DE COVA 40CM;BOM JESUS;MOTORISTA PREPARO DE SOLO;50%
SUBSOLAGEM SEM ADU.TRATOR PESADO-40CM;BOM JESUS;MOTORISTA PREPARO DE SOLO;50%
SUBSOLAGEM SEM ADUBACAO MECANIZADA 60CM;BOM JESUS;MOTORISTA PREPARO DE SOLO;50%
TRANSP. FUNC.;BOM JESUS;SEM PRODUÇÃO PARA MOTORISTA;0%
TRANSPORTES DIVERSOS;BOM JESUS;SEM PRODUÇÃO PARA MOTORISTA;0%
TRATOR DE PNEU LEVE H NORMAL;BOM JESUS;SEM PRODUÇÃO PARA MOTORISTA;0%
TRATOR DE PNEU MEDIO H NORMAL;BOM JESUS;SEM PRODUÇÃO PARA MOTORISTA;0%
TRATOR DE PNEU PESADO H NORMAL;BOM JESUS;SEM PRODUÇÃO PARA MOTORISTA;0%
APOIO AO CAMPO;BRACELL;SEM PRODUÇÃO PARA MOTORISTA;0%
APOIO AO REPLANTIO;BRACELL;MOTORISTA DO PLANTIO;100%
APOIO APLICACAO DE CALCARIO;BRACELL;SEM PRODUÇÃO PARA MOTORISTA;0%
APOIO IRRIGACAO DE PLANTIO I;BRACELL;MOTORISTA IRRIGAÇÃO;100%
APOIO IRRIGACAO DE PLANTIO II;BRACELL;MOTORISTA IRRIGAÇÃO;100%
APOIO IRRIGACAO DE PLANTIO III;BRACELL;MOTORISTA IRRIGAÇÃO;100%
APOIO IRRIGACAO DE PLANTIO IV;BRACELL;MOTORISTA IRRIGAÇÃO;100%
APOIO IRRIGACAO DE PLANTIO VIII;BRACELL;MOTORISTA IRRIGAÇÃO;100%
APOIO IRRIGACAO REPLANTIO I;BRACELL;MOTORISTA IRRIGAÇÃO;100%
APOIO IRRIGACAO REPLANTIO II;BRACELL;MOTORISTA IRRIGAÇÃO;100%
APOIO IRRIGACAO REPLANTIO III;BRACELL;MOTORISTA IRRIGAÇÃO;100%
APOIO IRRIGACAO REPLANTIO IV;BRACELL;MOTORISTA IRRIGAÇÃO;100%
APOIO PLANTIO;BRACELL;MOTORISTA DO PLANTIO;100%
IMP - SERV ROCADA MECANIZADA AGRIC;BRACELL;MOTORISTA ROÇADA MECANIZADA;100%
IMP-ADUBAÇÃO SOLIDA MECANIZADA;BRACELL;MOTORISTA ADUBAÇÃO MECANIZADA;100%
IMP-APLICAÇÃO CALCARIO NIVEL 3 ATE 3 TON;BRACELL;SEM PRODUÇÃO PARA MOTORISTA;0%
IMP-APLICAÇÃO CALCARIO NÍVEL 2 ATE 2 TON;BRACELL;SEM PRODUÇÃO PARA MOTORISTA;0%
IMP-CAPINA QUI MEC TOTAL AUTOPROPELIDO;BRACELL;MOTORISTA APLICAÇÃO DE HERB. MECANIZADA;100%
IMP-CAPINA QUI PRÉ-EMERG. AUTOPROPELIDO;BRACELL;MOTORISTA APLICAÇÃO DE HERB. MECANIZADA;100%
IMP-CAPINA QUIM MEC BARRA ABERTA AGRIC;BRACELL;MOTORISTA APLICAÇÃO DE HERB. MECANIZADA;100%
IMP-CAPINA QUIMICA GRADE COM PRE;BRACELL;MOTORISTA APLICAÇÃO DE HERB. MECANIZADA;100%
IMP-CAPINA QUIMICA LAMINA PRE EMERGENTE;BRACELL;MOTORISTA APLICAÇÃO DE HERB. MECANIZADA;100%
IMP-CAPINA QUIMICA MEC - BARRA PROTEGIDA;BRACELL;MOTORISTA APLICAÇÃO DE HERB. MECANIZADA;100%
IMP-CAPINA QUIMICA MEC EM AREA TOTAL;BRACELL;MOTORISTA APLICAÇÃO DE HERB. MECANIZADA;100%
IMP-CAPINA QUIMICA PRÉ-EMERGENTE;BRACELL;MOTORISTA APLICAÇÃO DE HERB. MECANIZADA;100%
IMP-CAPINA ROLO FACA;BRACELL;SEM PRODUÇÃO PARA MOTORISTA;0%
IMP-CONTROLE DE PRAGAS AGRIC;BRACELL;SEM PRODUÇÃO PARA MOTORISTA;0%
IMP-HORA TRATOR PNEU 100CV;BRACELL;SEM PRODUÇÃO PARA MOTORISTA;0%
IMP-HORA TRATOR PNEU 75CV;BRACELL;SEM PRODUÇÃO PARA MOTORISTA;0%
IMP-SERV CAP QUIM MEC BARRA AGRIC;BRACELL;MOTORISTA APLICAÇÃO DE HERB. MECANIZADA;100%
PARADO A DISPOSICAO;BRACELL;SEM PRODUÇÃO PARA MOTORISTA;0%
PARADO MANUTENCAO;BRACELL;SEM PRODUÇÃO PARA MOTORISTA;0%
TRANSP. FUNC.;BRACELL;SEM PRODUÇÃO PARA MOTORISTA;0%
TRANSPORTES DIVERSOS;BRACELL;SEM PRODUÇÃO PARA MOTORISTA;0%
ACEIRO QUIMICO;CAMAPUA;MOTORISTA APLICAÇÃO DE HERB. MECANIZADA;100%
APL HERB PRE EMERG AUTOPROPELIDO REMONTA;CAMAPUA;MOTORISTA APLICAÇÃO DE HERB. MECANIZADA;100%
APL HERBICIDA MEC. AREA TOTAL;CAMAPUA;MOTORISTA APLICAÇÃO DE HERB. MECANIZADA;100%
APL HERBICIDA PRE EMERG MECAN AREA TOTAL;CAMAPUA;MOTORISTA APLICAÇÃO DE HERB. MECANIZADA;100%
APL HERBICIDA PRE EMERG MECAN REMONT;CAMAPUA;MOTORISTA APLICAÇÃO DE HERB. MECANIZADA;100%
APLIC HERB MEC ENTRELINHA I IMPLANTAÇÃO;CAMAPUA;MOTORISTA APLICAÇÃO DE HERB. MECANIZADA;100%
APLIC HERB MECAN POS EMERG AREA TOTAL;CAMAPUA;MOTORISTA APLICAÇÃO DE HERB. MECANIZADA;100%
APLIC HERB POS EMERG TOTAL AUTOPROPELIDO;CAMAPUA;MOTORISTA APLICAÇÃO DE HERB. MECANIZADA;100%
APLIC. CALCARIO AREA TOTAL IMPLANTAÇÃO;CAMAPUA;SEM PRODUÇÃO PARA MOTORISTA;0%
APOIO AO CAMPO;CAMAPUA;SEM PRODUÇÃO PARA MOTORISTA;0%
APOIO AO REPLANTIO;CAMAPUA;MOTORISTA DO PLANTIO;100%
APOIO APLICACAO DE CALCARIO;CAMAPUA;SEM PRODUÇÃO PARA MOTORISTA;0%
APOIO IRRIGACAO DE PLANTIO I;CAMAPUA;MOTORISTA IRRIGAÇÃO;100%
APOIO IRRIGACAO DE PLANTIO II;CAMAPUA;MOTORISTA IRRIGAÇÃO;100%
APOIO IRRIGACAO DE PLANTIO III;CAMAPUA;MOTORISTA IRRIGAÇÃO;100%
APOIO IRRIGACAO DE PLANTIO IV;CAMAPUA;MOTORISTA IRRIGAÇÃO;100%
APOIO IRRIGACAO DE PLANTIO V;CAMAPUA;MOTORISTA IRRIGAÇÃO;100%
APOIO IRRIGACAO DE PLANTIO VI;CAMAPUA;MOTORISTA IRRIGAÇÃO;100%
APOIO IRRIGACAO REPLANTIO I;CAMAPUA;MOTORISTA IRRIGAÇÃO;100%
APOIO IRRIGACAO REPLANTIO II;CAMAPUA;MOTORISTA IRRIGAÇÃO;100%
APOIO IRRIGACAO REPLANTIO III;CAMAPUA;MOTORISTA IRRIGAÇÃO;100%
APOIO IRRIGACAO REPLANTIO IV;CAMAPUA;MOTORISTA IRRIGAÇÃO;100%
APOIO IRRIGACAO REPLANTIO V;CAMAPUA;MOTORISTA IRRIGAÇÃO;100%
APOIO IRRIGACAO REPLANTIO VI;CAMAPUA;MOTORISTA IRRIGAÇÃO;100%
COMBATE FORMIGAS LÍQUIDO;CAMAPUA;MOTORISTA APLICAÇÃO DE HERB. MECANIZADA;100%
APOIO PLANTIO;CAMAPUA;MOTORISTA DO PLANTIO;100%
APOIO PLANTIO IRRIGADO SEMIMEC;CAMAPUA;MOTORISTA DO PLANTIO;100%
COMBATE A FORMIGAS - MECANIZADO I;CAMAPUA;SEM PRODUÇÃO PARA MOTORISTA;0%
PARADO A DISPOSICAO;CAMAPUA;SEM PRODUÇÃO PARA MOTORISTA;0%
PARADO MANUTENCAO;CAMAPUA;SEM PRODUÇÃO PARA MOTORISTA;0%
SUBSOLAGEM + ADUBAÇÃO + MARC. COVA I;CAMAPUA;MOTORISTA PREPARO DE SOLO;50%
SUBSOLAGEM + ADUBAÇÃO + MARC. COVA II;CAMAPUA;MOTORISTA PREPARO DE SOLO;50%
TRATOR DE PNEU LEVE H NORMAL;CAMAPUA;SEM PRODUÇÃO PARA MOTORISTA;0%
TRATOR DE PNEU MEDIO H NORMAL;CAMAPUA;SEM PRODUÇÃO PARA MOTORISTA;0%
TRATOR DE PNEU PESADO H NORMAL;CAMAPUA;SEM PRODUÇÃO PARA MOTORISTA;0%
ADUB SOLIDA COBERTURA MEC I IMPLANTAÇÃO;CAMAPUA;MOTORISTA ADUBAÇÃO MECANIZADA;100%
ADUBAÇÃO KCL;CORINTO;MOTORISTA ADUBAÇÃO MECANIZADA;100%
ADUBAÇÃO MARCAÇÃO BACIAS MULTIUSO;CORINTO;MOTORISTA ADUBAÇÃO MECANIZADA;100%
ADUBAÇÃO N:K;CORINTO;MOTORISTA ADUBAÇÃO MECANIZADA;100%
APOIO IRRIGACAO DE PLANTIO SEMIMEC I;CORINTO;MOTORISTA IRRIGAÇÃO;100%
APOIO IRRIGACAO DE PLANTIO SEMIMEC II;CORINTO;MOTORISTA IRRIGAÇÃO;100%
APOIO IRRIGACAO DE PLANTIO SEMIMEC III;CORINTO;MOTORISTA IRRIGAÇÃO;100%
APOIO IRRIGACAO DE PLANTIO SEMIMEC IV;CORINTO;MOTORISTA IRRIGAÇÃO;100%
APOIO IRRIGACAO DE PLANTIO SEMIMEC IX;CORINTO;MOTORISTA IRRIGAÇÃO;100%
APOIO IRRIGACAO DE PLANTIO SEMIMEC V;CORINTO;MOTORISTA IRRIGAÇÃO;100%
APOIO IRRIGACAO DE PLANTIO SEMIMEC VI;CORINTO;MOTORISTA IRRIGAÇÃO;100%
APOIO IRRIGACAO DE PLANTIO SEMIMEC VII;CORINTO;MOTORISTA IRRIGAÇÃO;100%
APOIO IRRIGACAO DE PLANTIO SEMIMEC VIII;CORINTO;MOTORISTA IRRIGAÇÃO;100%
APOIO IRRIGACAO DE PLANTIO SEMIMEC X;CORINTO;MOTORISTA IRRIGAÇÃO;100%
APOIO IRRIGACAO DE PLANTIO SEMIMEC XI;CORINTO;MOTORISTA IRRIGAÇÃO;100%
APOIO IRRIGACAO DE PLANTIO SEMIMEC XII;CORINTO;MOTORISTA IRRIGAÇÃO;100%
APOIO IRRIGACAO DE PLANTIO SEMIMEC XIII;CORINTO;MOTORISTA IRRIGAÇÃO;100%
APOIO IRRIGACAO DE PLANTIO SEMIMEC XIV;CORINTO;MOTORISTA IRRIGAÇÃO;100%
APOIO IRRIGACAO DE PLANTIO SEMIMEC XV;CORINTO;MOTORISTA IRRIGAÇÃO;100%
APOIO IRRIGACAO DE PLANTIO SEMIMEC XVI;CORINTO;MOTORISTA IRRIGAÇÃO;100%
APOIO IRRIGACAO DE PLANTIO SEMIMEC XVII;CORINTO;MOTORISTA IRRIGAÇÃO;100%
APOIO IRRIGACAO DE PLANTIO SEMIMEC XVIII;CORINTO;MOTORISTA IRRIGAÇÃO;100%
APOIO IRRIGACAO DE PLANTIO SEMIMEC XIX;CORINTO;MOTORISTA IRRIGAÇÃO;100%
APOIO IRRIGACAO REPLANTIO I;CORINTO;MOTORISTA IRRIGAÇÃO;100%
APOIO IRRIGACAO REPLANTIO II;CORINTO;MOTORISTA IRRIGAÇÃO;100%
APOIO PLANTIO;CORINTO;MOTORISTA DO PLANTIO;100%
DISTRIBUIÇÃO DE CALCÁRIO / GESSO;CORINTO;MOTORISTA ADUBAÇÃO MECANIZADA;100%
ERRADICAÇÃO DE BROTAÇÃO MEC. BARRA U;CORINTO;MOTORISTA APLICAÇÃO DE HERB. MECANIZADA;100%
ERRADICAÇÃO DE BROTAÇÃO MECANIZADO;CORINTO;MOTORISTA APLICAÇÃO DE HERB. MECANIZADA;100%
HERBICIDA PRÉ-EMERGENTE MECANIZADO;CORINTO;MOTORISTA APLICAÇÃO DE HERB. MECANIZADA;100%
HERBICIDA PÓS-EMERGENTE ENTRELINHA MECAN;CORINTO;MOTORISTA APLICAÇÃO DE HERB. MECANIZADA;100%
HERBICIDA PÓS-EMERGENTE ÁREA TOTAL MECAN;CORINTO;MOTORISTA APLICAÇÃO DE HERB. MECANIZADA;100%
LIMPEZA DE VEGETAÇÃO COM ROLO FACA;CORINTO;SEM PRODUÇÃO PARA MOTORISTA;0%
PARADO MANUTENCAO;CORINTO;SEM PRODUÇÃO PARA MOTORISTA;0%
PREPARO DE SOLO RIPAGEM - NIVEL 2;CORINTO;SEM PRODUÇÃO PARA MOTORISTA;0%
ROCADA MECANIZADA NA ENTRELINHA;CORINTO;MOTORISTA ROÇADA MECANIZADA;100%
ROCADA MECANIZADA NA ENTRELINHA 6 METROS;CORINTO;MOTORISTA ROÇADA MECANIZADA;100%
ROCADA MECANIZADA TOTAL;CORINTO;MOTORISTA ROÇADA MECANIZADA;100%
ROÇADA DE BROTO SEMI MECANIZADA;CORINTO;SEM PRODUÇÃO PARA MOTORISTA;0%
ROÇADA SEMI MECANIZADA;CORINTO;SEM PRODUÇÃO PARA MOTORISTA;0%
TRANSP. AGUA;CORINTO;SEM PRODUÇÃO PARA MOTORISTA;0%
TRATOR PNEU PESADO;CORINTO;SEM PRODUÇÃO PARA MOTORISTA;0%
APLICAÇÃO DE CALCÁRIO;COSTA RICA;MOTORISTA ADUBAÇÃO MECANIZADA;100%
APLICAÇÃO DE GESSO;COSTA RICA;MOTORISTA ADUBAÇÃO MECANIZADA;100%
APLICAÇÃO DE OXIMIX;COSTA RICA;MOTORISTA ADUBAÇÃO MECANIZADA;100%
APLICAÇÃO DE HERBICIDA EM AREA TOTAL;COSTA RICA;MOTORISTA APLICAÇÃO DE HERB. MECANIZADA;100%
APOIO ADUBACAO MECANIZADA;COSTA RICA;MOTORISTA ADUBAÇÃO MECANIZADA;100%
APOIO AO CAMPO;COSTA RICA;SEM PRODUÇÃO PARA MOTORISTA;0%
APOIO AO REPLANTIO;COSTA RICA;MOTORISTA DO PLANTIO;100%
APOIO APLICACAO DE CALCARIO;COSTA RICA;SEM PRODUÇÃO PARA MOTORISTA;0%
APOIO APLICACAO DE GESSO;COSTA RICA;SEM PRODUÇÃO PARA MOTORISTA;0%
APOIO IRRIGACAO DE PLANTIO I;COSTA RICA;MOTORISTA IRRIGAÇÃO;100%
APOIO IRRIGACAO DE PLANTIO II;COSTA RICA;MOTORISTA IRRIGAÇÃO;100%
APOIO IRRIGACAO DE PLANTIO III;COSTA RICA;MOTORISTA IRRIGAÇÃO;100%
APOIO IRRIGACAO DE PLANTIO IV;COSTA RICA;MOTORISTA IRRIGAÇÃO;100%
APOIO IRRIGACAO DE PLANTIO V;COSTA RICA;MOTORISTA IRRIGAÇÃO;100%
APOIO IRRIGACAO DE PLANTIO VI;COSTA RICA;MOTORISTA IRRIGAÇÃO;100%
APOIO IRRIGACAO DE PLANTIO VII;COSTA RICA;MOTORISTA IRRIGAÇÃO;100%
APOIO IRRIGACAO DE PLANTIO VIII;COSTA RICA;MOTORISTA IRRIGAÇÃO;100%
APOIO IRRIGACAO DE PLANTIO IX;COSTA RICA;MOTORISTA IRRIGAÇÃO;100%
APOIO IRRIGACAO DE PLANTIO X;COSTA RICA;MOTORISTA IRRIGAÇÃO;100%
APOIO IRRIGACAO REPLANTIO I;COSTA RICA;MOTORISTA IRRIGAÇÃO;100%
APOIO IRRIGACAO REPLANTIO II;COSTA RICA;MOTORISTA IRRIGAÇÃO;100%
APOIO IRRIGACAO REPLANTIO III;COSTA RICA;MOTORISTA IRRIGAÇÃO;100%
APOIO IRRIGACAO REPLANTIO IV;COSTA RICA;MOTORISTA IRRIGAÇÃO;100%
APOIO IRRIGACAO REPLANTIO V;COSTA RICA;MOTORISTA IRRIGAÇÃO;100%
APOIO IRRIGACAO REPLANTIO VI;COSTA RICA;MOTORISTA IRRIGAÇÃO;100%
APOIO PLANTIO;COSTA RICA;MOTORISTA DO PLANTIO;100%
CAPINA MEC EM LINHA TOTAL COM PRÉ-EMERG;COSTA RICA;MOTORISTA APLICAÇÃO DE HERB. MECANIZADA;100%
PARADO A DISPOSICAO;COSTA RICA;SEM PRODUÇÃO PARA MOTORISTA;0%
PARADO MANUTENCAO;COSTA RICA;SEM PRODUÇÃO PARA MOTORISTA;0%
PRIMEIRA ADUBAÇÃO MANUT. (REF. 6 MESES);COSTA RICA;MOTORISTA ADUBAÇÃO MECANIZADA;100%
PRIMEIRA APLI HERB PRÉ-EMERG NA LINHA;COSTA RICA;MOTORISTA APLICAÇÃO DE HERB. MECANIZADA;100%
PRIMEIRA CAP. QUIM. NA LINHA - POS  EMER;COSTA RICA;MOTORISTA APLICAÇÃO DE HERB. MECANIZADA;100%
PRIMEIRA CAPINA QUÍMICA NA ENTRELINHA;COSTA RICA;MOTORISTA APLICAÇÃO DE HERB. MECANIZADA;100%
QUARTA CAPINA QUÍMICA NA ENTRELINHA;COSTA RICA;MOTORISTA APLICAÇÃO DE HERB. MECANIZADA;100%
ROLO FACA PESADO;COSTA RICA;SEM PRODUÇÃO PARA MOTORISTA;0%
ROÇADA MECANICA II;COSTA RICA;MOTORISTA ROÇADA MECANIZADA;100%
ROÇADA MECÂNICA;COSTA RICA;MOTORISTA ROÇADA MECANIZADA;100%
SEGUNDA ADUBAÇÃO MANUT. (REF. 12 MESES);COSTA RICA;MOTORISTA ADUBAÇÃO MECANIZADA;100%
SEGUNDA APLI HERB PRÉ-EMERG NA LINHA;COSTA RICA;MOTORISTA APLICAÇÃO DE HERB. MECANIZADA;100%
SEGUNDA CAPINA QUIMICA NA ENTRELINHA;COSTA RICA;MOTORISTA APLICAÇÃO DE HERB. MECANIZADA;100%
SUBSOLAGEM COM FOSFATAGEM;COSTA RICA;MOTORISTA PREPARO DE SOLO;50%
TERCEIRA ADUBAÇÃO MANUT. (MONITORAMENTO);COSTA RICA;MOTORISTA ADUBAÇÃO MECANIZADA;100%
TERCEIRA CAPINA QUÍMICA NA ENTRELINHA;COSTA RICA;MOTORISTA APLICAÇÃO DE HERB. MECANIZADA;100%
TRATOR DE PNEU LEVE H NORMAL;COSTA RICA;SEM PRODUÇÃO PARA MOTORISTA;0%
TRATOR DE PNEU MEDIO H NORMAL;COSTA RICA;SEM PRODUÇÃO PARA MOTORISTA;0%
APLICAÇÃO DE CALCÁRIO;COSTA RICA - GERDAU;MOTORISTA ADUBAÇÃO MECANIZADA;100%
APLICAÇÃO DE GESSO;COSTA RICA - GERDAU;MOTORISTA ADUBAÇÃO MECANIZADA;100%
APLICAÇÃO DE OXIMIX;COSTA RICA - GERDAU;MOTORISTA ADUBAÇÃO MECANIZADA;100%
APLICAÇÃO DE HERBICIDA EM AREA TOTAL;COSTA RICA - GERDAU;MOTORISTA APLICAÇÃO DE HERB. MECANIZADA;100%
APOIO ADUBACAO MECANIZADA;COSTA RICA - GERDAU;MOTORISTA ADUBAÇÃO MECANIZADA;100%
APOIO AO CAMPO;COSTA RICA - GERDAU;SEM PRODUÇÃO PARA MOTORISTA;0%
APOIO AO REPLANTIO;COSTA RICA - GERDAU;MOTORISTA DO PLANTIO;100%
APOIO APLICACAO DE CALCARIO;COSTA RICA - GERDAU;SEM PRODUÇÃO PARA MOTORISTA;0%
APOIO APLICACAO DE GESSO;COSTA RICA - GERDAU;SEM PRODUÇÃO PARA MOTORISTA;0%
APOIO IRRIGACAO DE PLANTIO I;COSTA RICA - GERDAU;MOTORISTA IRRIGAÇÃO;100%
APOIO IRRIGACAO DE PLANTIO II;COSTA RICA - GERDAU;MOTORISTA IRRIGAÇÃO;100%
APOIO IRRIGACAO DE PLANTIO III;COSTA RICA - GERDAU;MOTORISTA IRRIGAÇÃO;100%
APOIO IRRIGACAO DE PLANTIO IV;COSTA RICA - GERDAU;MOTORISTA IRRIGAÇÃO;100%
APOIO IRRIGACAO DE PLANTIO V;COSTA RICA - GERDAU;MOTORISTA IRRIGAÇÃO;100%
APOIO IRRIGACAO DE PLANTIO VI;COSTA RICA - GERDAU;MOTORISTA IRRIGAÇÃO;100%
APOIO IRRIGACAO REPLANTIO I;COSTA RICA - GERDAU;MOTORISTA IRRIGAÇÃO;100%
APOIO IRRIGACAO REPLANTIO II;COSTA RICA - GERDAU;MOTORISTA IRRIGAÇÃO;100%
APOIO IRRIGACAO REPLANTIO III;COSTA RICA - GERDAU;MOTORISTA IRRIGAÇÃO;100%
APOIO IRRIGACAO REPLANTIO IV;COSTA RICA - GERDAU;MOTORISTA IRRIGAÇÃO;100%
APOIO IRRIGACAO REPLANTIO V;COSTA RICA - GERDAU;MOTORISTA IRRIGAÇÃO;100%
APOIO IRRIGACAO REPLANTIO VI;COSTA RICA - GERDAU;MOTORISTA IRRIGAÇÃO;100%
APOIO PLANTIO;COSTA RICA - GERDAU;MOTORISTA DO PLANTIO;100%
CAPINA MEC EM LINHA TOTAL COM PRÉ-EMERG;COSTA RICA - GERDAU;MOTORISTA APLICAÇÃO DE HERB. MECANIZADA;100%
PARADO A DISPOSICAO;COSTA RICA - GERDAU;SEM PRODUÇÃO PARA MOTORISTA;0%
PARADO MANUTENCAO;COSTA RICA - GERDAU;SEM PRODUÇÃO PARA MOTORISTA;0%
PRIMEIRA ADUBAÇÃO MANUT. (REF. 6 MESES);COSTA RICA - GERDAU;MOTORISTA ADUBAÇÃO MECANIZADA;100%
PRIMEIRA APLI HERB PRÉ-EMERG NA LINHA;COSTA RICA - GERDAU;MOTORISTA APLICAÇÃO DE HERB. MECANIZADA;100%
PRIMEIRA CAP. QUIM. NA LINHA - POS  EMER;COSTA RICA - GERDAU;MOTORISTA APLICAÇÃO DE HERB. MECANIZADA;100%
PRIMEIRA CAPINA QUÍMICA NA ENTRELINHA;COSTA RICA - GERDAU;MOTORISTA APLICAÇÃO DE HERB. MECANIZADA;100%
QUARTA CAPINA QUÍMICA NA ENTRELINHA;COSTA RICA - GERDAU;MOTORISTA APLICAÇÃO DE HERB. MECANIZADA;100%
ROLO FACA PESADO;COSTA RICA - GERDAU;SEM PRODUÇÃO PARA MOTORISTA;0%
ROÇADA MECANICA II;COSTA RICA - GERDAU;MOTORISTA ROÇADA MECANIZADA;100%
ROÇADA MECÂNICA;COSTA RICA - GERDAU;MOTORISTA ROÇADA MECANIZADA;100%
SEGUNDA ADUBAÇÃO MANUT. (REF. 12 MESES);COSTA RICA - GERDAU;MOTORISTA ADUBAÇÃO MECANIZADA;100%
SEGUNDA APLI HERB PRÉ-EMERG NA LINHA;COSTA RICA - GERDAU;MOTORISTA APLICAÇÃO DE HERB. MECANIZADA;100%
SEGUNDA CAPINA QUIMICA NA ENTRELINHA;COSTA RICA - GERDAU;MOTORISTA APLICAÇÃO DE HERB. MECANIZADA;100%
SUBSOLAGEM COM FOSFATAGEM;COSTA RICA - GERDAU;MOTORISTA PREPARO DE SOLO;50%
TERCEIRA ADUBAÇÃO MANUT. (MONITORAMENTO);COSTA RICA - GERDAU;MOTORISTA ADUBAÇÃO MECANIZADA;100%
TERCEIRA CAPINA QUÍMICA NA ENTRELINHA;COSTA RICA - GERDAU;MOTORISTA APLICAÇÃO DE HERB. MECANIZADA;100%
TRATOR DE PNEU LEVE H NORMAL;COSTA RICA - GERDAU;SEM PRODUÇÃO PARA MOTORISTA;0%
TRATOR DE PNEU MEDIO H NORMAL;COSTA RICA - GERDAU;SEM PRODUÇÃO PARA MOTORISTA;0%
ACEIRO QUIMICO;PARAGOMINAS;MOTORISTA APLICAÇÃO DE HERB. MECANIZADA;100%
ADUB SOLIDA DE COBERTURA MECANICA I;PARAGOMINAS;MOTORISTA ADUBAÇÃO MECANIZADA;100%
ADUB SOLIDA DE COBERTURA MECANICA II;PARAGOMINAS;MOTORISTA ADUBAÇÃO MECANIZADA;100%
ADUB SOLIDA DE COBERTURA MECANICA III;PARAGOMINAS;MOTORISTA ADUBAÇÃO MECANIZADA;100%
ADUBACAO COM MARCACAO DE COVA;PARAGOMINAS;MOTORISTA ADUBAÇÃO MECANIZADA;100%
ADUBACAO DE PLANTIO MECANIZADA;PARAGOMINAS;MOTORISTA ADUBAÇÃO MECANIZADA;100%
APL HERBICIDA PRE EMERG MECAN AREA TOTAL;PARAGOMINAS;MOTORISTA APLICAÇÃO DE HERB. MECANIZADA;100%
APL HERBICIDA PRE EMERG MECAN NA LINHA;PARAGOMINAS;MOTORISTA APLICAÇÃO DE HERB. MECANIZADA;100%
APL HERBICIDA PRE EMERG MECAN REMONT;PARAGOMINAS;MOTORISTA APLICAÇÃO DE HERB. MECANIZADA;100%
APLI . HERB. MEC. NA ENTRELINHA CONJ;PARAGOMINAS;MOTORISTA APLICAÇÃO DE HERB. MECANIZADA;100%
APLIC HERB MECAN POS EMERG AREA TOTAL;PARAGOMINAS;MOTORISTA APLICAÇÃO DE HERB. MECANIZADA;100%
APLIC HERB. MECAN NA ENTRELINHA I ABERTA;PARAGOMINAS;MOTORISTA APLICAÇÃO DE HERB. MECANIZADA;100%
APLICACAO HERBICIDA MEC  ENTRELINHA III;PARAGOMINAS;MOTORISTA APLICAÇÃO DE HERB. MECANIZADA;100%
APLICACAO HERBICIDA MEC NA ENTRELINHA I;PARAGOMINAS;MOTORISTA APLICAÇÃO DE HERB. MECANIZADA;100%
APLICACAO HERBICIDA MEC NA ENTRELINHA II;PARAGOMINAS;MOTORISTA APLICAÇÃO DE HERB. MECANIZADA;100%
APLICACAO MEC DE DEFEN QUIMICOS AGROFOG;PARAGOMINAS;MOTORISTA APLICAÇÃO DE HERB. MECANIZADA;100%
APOIO A ADUBACAO COMPLEMENTAR;PARAGOMINAS;MOTORISTA ADUBAÇÃO MECANIZADA;100%
APOIO A ADUBAÇÃO DE PLANTIO MANUAL;PARAGOMINAS;MOTORISTA ADUBAÇÃO MECANIZADA;100%
APOIO ADUBACAO MECANIZADA;PARAGOMINAS;MOTORISTA ADUBAÇÃO MECANIZADA;100%
APOIO AO REPLANTIO;PARAGOMINAS;MOTORISTA DO PLANTIO;100%
APOIO APLI. DE HERB. MANUAL NA LINHA;PARAGOMINAS;MOTORISTA APLICAÇÃO DE HERB. MECANIZADA;100%
APOIO APLIC. DE HERBICIDA MANUAL TOTAL;PARAGOMINAS;MOTORISTA APLICAÇÃO DE HERB. MECANIZADA;100%
APOIO APLIC.HERB. MANUAL NA ENTRELINHA;PARAGOMINAS;MOTORISTA APLICAÇÃO DE HERB. MECANIZADA;100%
APOIO IRRIGACAO COM LODO PRIMARIO I;PARAGOMINAS;MOTORISTA IRRIGAÇÃO;100%
APOIO IRRIGACAO COM LODO PRIMARIO II;PARAGOMINAS;MOTORISTA IRRIGAÇÃO;100%
APOIO IRRIGACAO COM LODO PRIMARIO III;PARAGOMINAS;MOTORISTA IRRIGAÇÃO;100%
APOIO IRRIGACAO COM LODO PRIMARIO IV;PARAGOMINAS;MOTORISTA IRRIGAÇÃO;100%
APOIO IRRIGACAO COM LODO PRIMARIO V;PARAGOMINAS;MOTORISTA IRRIGAÇÃO;100%
APOIO IRRIGACAO COM LODO PRIMARIO VI;PARAGOMINAS;MOTORISTA IRRIGAÇÃO;100%
APOIO IRRIGACAO COM LODO PRIMARIO VII;PARAGOMINAS;MOTORISTA IRRIGAÇÃO;100%
APOIO IRRIGACAO COM LODO PRIMARIO VIII;PARAGOMINAS;MOTORISTA IRRIGAÇÃO;100%
APOIO IRRIGACAO DE PLANTIO I;PARAGOMINAS;MOTORISTA IRRIGAÇÃO;100%
APOIO IRRIGACAO DE PLANTIO II;PARAGOMINAS;MOTORISTA IRRIGAÇÃO;100%
APOIO IRRIGACAO DE PLANTIO III;PARAGOMINAS;MOTORISTA IRRIGAÇÃO;100%
APOIO IRRIGACAO DE PLANTIO IV;PARAGOMINAS;MOTORISTA IRRIGAÇÃO;100%
APOIO IRRIGACAO DE PLANTIO V;PARAGOMINAS;MOTORISTA IRRIGAÇÃO;100%
APOIO IRRIGACAO DE PLANTIO VI;PARAGOMINAS;MOTORISTA IRRIGAÇÃO;100%
APOIO IRRIGACAO DE PLANTIO VII;PARAGOMINAS;MOTORISTA IRRIGAÇÃO;100%
APOIO IRRIGACAO DE PLANTIO VIII;PARAGOMINAS;MOTORISTA IRRIGAÇÃO;100%
APOIO IRRIGACAO REPLANTIO I;PARAGOMINAS;MOTORISTA IRRIGAÇÃO;100%
APOIO IRRIGACAO REPLANTIO II;PARAGOMINAS;MOTORISTA IRRIGAÇÃO;100%
APOIO IRRIGACAO REPLANTIO III;PARAGOMINAS;MOTORISTA IRRIGAÇÃO;100%
APOIO IRRIGACAO REPLANTIO IV;PARAGOMINAS;MOTORISTA IRRIGAÇÃO;100%
APOIO IRRIGACAO REPLANTIO V;PARAGOMINAS;MOTORISTA IRRIGAÇÃO;100%
APOIO PLANTIO;PARAGOMINAS;MOTORISTA DO PLANTIO;100%
GRADAGEM BEDDING;PARAGOMINAS;SEM PRODUÇÃO PARA MOTORISTA;0%
GRADAGEM ENTRELINHA;PARAGOMINAS;SEM PRODUÇÃO PARA MOTORISTA;0%
GRADAGEM NA LINHA;PARAGOMINAS;SEM PRODUÇÃO PARA MOTORISTA;0%
IMP-CAPINA QUIMICA LAMINA PRE EMERGENTE;PARAGOMINAS;MOTORISTA APLICAÇÃO DE HERB. MECANIZADA;100%
LIMPEZA DA LINHA DE PLANTIO AIVECAO I;PARAGOMINAS;SEM PRODUÇÃO PARA MOTORISTA;0%
MARCACAO DE COVA MECANIZADA;PARAGOMINAS;SEM PRODUÇÃO PARA MOTORISTA;0%
PARADO A DISPOSICAO;PARAGOMINAS;SEM PRODUÇÃO PARA MOTORISTA;0%
PARADO MANUTENCAO;PARAGOMINAS;SEM PRODUÇÃO PARA MOTORISTA;0%
ROCADA MECANIZADA NA ENTRELINHA;PARAGOMINAS;MOTORISTA ROÇADA MECANIZADA;100%
ROCADA MECANIZADA TOTAL;PARAGOMINAS;MOTORISTA ROÇADA MECANIZADA;100%
ROLO FACA;PARAGOMINAS;SEM PRODUÇÃO PARA MOTORISTA;0%
ROLO FACA PESADO;PARAGOMINAS;SEM PRODUÇÃO PARA MOTORISTA;0%
SUBSOLAGEM C/ADUB E MARC. DE COVA 40CM;PARAGOMINAS;MOTORISTA PREPARO DE SOLO;50%
SUBSOLAGEM SEM ADU.TRATOR PESADO-40CM;PARAGOMINAS;MOTORISTA PREPARO DE SOLO;50%
SUBSOLAGEM SEM ADUBACAO MECANIZADA 60CM;PARAGOMINAS;MOTORISTA PREPARO DE SOLO;50%
TRANSP. FUNC.;PARAGOMINAS;SEM PRODUÇÃO PARA MOTORISTA;0%
TRANSPORTES DIVERSOS;PARAGOMINAS;SEM PRODUÇÃO PARA MOTORISTA;0%
TRATOR DE PNEU LEVE H NORMAL;PARAGOMINAS;SEM PRODUÇÃO PARA MOTORISTA;0%
TRATOR DE PNEU MEDIO H NORMAL;PARAGOMINAS;SEM PRODUÇÃO PARA MOTORISTA;0%
TRATOR DE PNEU PESADO H NORMAL;PARAGOMINAS;SEM PRODUÇÃO PARA MOTORISTA;0%
ACEIRO QUIMICO;RIBAS - CERRADO;MOTORISTA APLICAÇÃO DE HERB. MECANIZADA;100%
ADUB SOLIDA COBERTURA MEC I IMPLANTAÇÃO;RIBAS - CERRADO;MOTORISTA ADUBAÇÃO MECANIZADA;100%
ADUB SOLIDA COBERTURA MEC II REFORMA;RIBAS - CERRADO;MOTORISTA ADUBAÇÃO MECANIZADA;100%
APL HERB PRE EMERG AUTOPROPELIDO REMONTA;RIBAS - CERRADO;MOTORISTA APLICAÇÃO DE HERB. MECANIZADA;100%
APL HERBICIDA MEC. AREA TOTAL;RIBAS - CERRADO;MOTORISTA APLICAÇÃO DE HERB. MECANIZADA;100%
APL HERBICIDA PRE EMERG MECAN AREA TOTAL;RIBAS - CERRADO;MOTORISTA APLICAÇÃO DE HERB. MECANIZADA;100%
APL HERBICIDA PRE EMERG MECAN NA LINHA;RIBAS - CERRADO;MOTORISTA APLICAÇÃO DE HERB. MECANIZADA;100%
APL HERBICIDA PRE EMERG MECAN REMONT;RIBAS - CERRADO;MOTORISTA APLICAÇÃO DE HERB. MECANIZADA;100%
APLIC HERB MEC ENTRELINHA I IMPLANTAÇÃO;RIBAS - CERRADO;MOTORISTA APLICAÇÃO DE HERB. MECANIZADA;100%
APLIC HERB MECAN POS EMERG AREA TOTAL;RIBAS - CERRADO;MOTORISTA APLICAÇÃO DE HERB. MECANIZADA;100%
APOIO AO CAMPO;RIBAS - CERRADO;SEM PRODUÇÃO PARA MOTORISTA;0%
APOIO AO REPLANTIO;RIBAS - CERRADO;MOTORISTA DO PLANTIO;100%
APOIO IRRIGACAO DE PLANTIO I;RIBAS - CERRADO;MOTORISTA IRRIGAÇÃO;100%
APOIO IRRIGACAO DE PLANTIO II;RIBAS - CERRADO;MOTORISTA IRRIGAÇÃO;100%
APOIO IRRIGACAO DE PLANTIO III;RIBAS - CERRADO;MOTORISTA IRRIGAÇÃO;100%
APOIO IRRIGACAO DE PLANTIO IV;RIBAS - CERRADO;MOTORISTA IRRIGAÇÃO;100%
APOIO IRRIGACAO DE PLANTIO V;RIBAS - CERRADO;MOTORISTA IRRIGAÇÃO;100%
APOIO IRRIGACAO DE PLANTIO VI;RIBAS - CERRADO;MOTORISTA IRRIGAÇÃO;100%
APOIO IRRIGACAO REPLANTIO I;RIBAS - CERRADO;MOTORISTA IRRIGAÇÃO;100%
APOIO IRRIGACAO REPLANTIO II;RIBAS - CERRADO;MOTORISTA IRRIGAÇÃO;100%
APOIO IRRIGACAO REPLANTIO III;RIBAS - CERRADO;MOTORISTA IRRIGAÇÃO;100%
APOIO IRRIGACAO REPLANTIO IV;RIBAS - CERRADO;MOTORISTA IRRIGAÇÃO;100%
APOIO PLANTIO;RIBAS - CERRADO;MOTORISTA DO PLANTIO;100%
APOIO PLANTIO IRRIGADO SEMIMEC;RIBAS - CERRADO;MOTORISTA DO PLANTIO;100%
COMBATE A FORMIGAS - MECANIZADO I;RIBAS - CERRADO;SEM PRODUÇÃO PARA MOTORISTA;0%
GRADAGEM ENTRELINHA;RIBAS - CERRADO;SEM PRODUÇÃO PARA MOTORISTA;0%
LIMPEZA LINHA PLANTIO C/ TRATOR PNEU I;RIBAS - CERRADO;SEM PRODUÇÃO PARA MOTORISTA;0%
PARADO A DISPOSICAO;RIBAS - CERRADO;SEM PRODUÇÃO PARA MOTORISTA;0%
PARADO MANUTENCAO;RIBAS - CERRADO;SEM PRODUÇÃO PARA MOTORISTA;0%
SUBSOLAGEM + ADUBAÇÃO + MARC. COVA I;RIBAS - CERRADO;MOTORISTA PREPARO DE SOLO;50%
TRANSP. FUNC.;RIBAS - CERRADO;SEM PRODUÇÃO PARA MOTORISTA;0%
TRANSPORTES DIVERSOS;RIBAS - CERRADO;SEM PRODUÇÃO PARA MOTORISTA;0%
TRATOR DE PNEU LEVE H NORMAL;RIBAS - CERRADO;SEM PRODUÇÃO PARA MOTORISTA;0%
COMBATE FORMIGAS LÍQUIDO;RIBAS - CERRADO;MOTORISTA APLICAÇÃO DE HERB. MECANIZADA;100%
1ª ADUB DE COBERTURA REBROTA;RIBAS - MANULIFE;MOTORISTA ADUBAÇÃO MECANIZADA;100%
1ª ADUBAÇÃO DE COBERTURA MEC;RIBAS - MANULIFE;MOTORISTA ADUBAÇÃO MECANIZADA;100%
2ª ADUB DE COBERTURA REBROTA;RIBAS - MANULIFE;MOTORISTA ADUBAÇÃO MECANIZADA;100%
2ª ADUBAÇÃO DE COBERTURA MEC;RIBAS - MANULIFE;MOTORISTA ADUBAÇÃO MECANIZADA;100%
APLICAÇÃO DE CALCÁRIO À LANÇO;RIBAS - MANULIFE;SEM PRODUÇÃO PARA MOTORISTA;0%
APOIO AO CAMPO;RIBAS - MANULIFE;SEM PRODUÇÃO PARA MOTORISTA;0%
APOIO APLICACAO DE CALCARIO;RIBAS - MANULIFE;SEM PRODUÇÃO PARA MOTORISTA;0%
APOIO IRRIGACAO DE PLANTIO I;RIBAS - MANULIFE;MOTORISTA IRRIGAÇÃO;100%
APOIO IRRIGACAO DE PLANTIO II;RIBAS - MANULIFE;MOTORISTA IRRIGAÇÃO;100%
APOIO IRRIGACAO DE PLANTIO III;RIBAS - MANULIFE;MOTORISTA IRRIGAÇÃO;100%
APOIO IRRIGACAO REPLANTIO I;RIBAS - MANULIFE;MOTORISTA IRRIGAÇÃO;100%
APOIO IRRIGACAO REPLANTIO II;RIBAS - MANULIFE;MOTORISTA IRRIGAÇÃO;100%
APOIO IRRIGACAO REPLANTIO III;RIBAS - MANULIFE;MOTORISTA IRRIGAÇÃO;100%
CAP. QUIM. LINHAS ALTERNADAS - 2 LINHAS;RIBAS - MANULIFE;MOTORISTA APLICAÇÃO DE HERB. MECANIZADA;100%
CAPINA QUIMICA EM AREA TOTAL;RIBAS - MANULIFE;MOTORISTA APLICAÇÃO DE HERB. MECANIZADA;100%
CAPINA QUIMICA ENTRELINHA;RIBAS - MANULIFE;MOTORISTA APLICAÇÃO DE HERB. MECANIZADA;100%
CAPINA QUIMICA PRE EMERGENTE;RIBAS - MANULIFE;MOTORISTA APLICAÇÃO DE HERB. MECANIZADA;100%
CAPINA QUIMICA PRÉ EMERGENTE + LAMININHA;RIBAS - MANULIFE;MOTORISTA APLICAÇÃO DE HERB. MECANIZADA;100%
COMBATE A FORMIGA MECANIZADO - TUIT;RIBAS - MANULIFE;MOTORISTA APLICAÇÃO DE HERB. MECANIZADA;100%
ESTROVENGA;RIBAS - MANULIFE;SEM PRODUÇÃO PARA MOTORISTA;0%
OXYFERTIL;RIBAS - MANULIFE;SEM PRODUÇÃO PARA MOTORISTA;0%
PARADO A DISPOSICAO;RIBAS - MANULIFE;SEM PRODUÇÃO PARA MOTORISTA;0%
PARADO MANUTENCAO;RIBAS - MANULIFE;SEM PRODUÇÃO PARA MOTORISTA;0%
ROLO FACA NA LINHA (CONDUÇÃO);RIBAS - MANULIFE;SEM PRODUÇÃO PARA MOTORISTA;0%
ROLO FACA NA LINHA (REFORMA);RIBAS - MANULIFE;SEM PRODUÇÃO PARA MOTORISTA;0%
SUBSOLAGEM;RIBAS - MANULIFE;MOTORISTA PREPARO DE SOLO;50%
TRANSP. FUNC.;RIBAS - MANULIFE;SEM PRODUÇÃO PARA MOTORISTA;0%
TRATOR DE PNEU LEVE H NORMAL;RIBAS - MANULIFE;SEM PRODUÇÃO PARA MOTORISTA;0%
ADUBAÇÃO DE COBERTURA MECANIZADA;RIBAS - RAMIRES;MOTORISTA ADUBAÇÃO MECANIZADA;100%
APLIC HERB POS EMERGENTE NA LINHA MEC;RIBAS - RAMIRES;MOTORISTA APLICAÇÃO DE HERB. MECANIZADA;100%
APLIC HERB PRE EMERGENTE NA LINHA MEC;RIBAS - RAMIRES;MOTORISTA APLICAÇÃO DE HERB. MECANIZADA;100%
APLICACAO HERBICIDA MEC EM ÁREA TOTAL;RIBAS - RAMIRES;MOTORISTA APLICAÇÃO DE HERB. MECANIZADA;100%
APLICACAO HERBICIDA MEC NA ENTRELINHA I;RIBAS - RAMIRES;MOTORISTA APLICAÇÃO DE HERB. MECANIZADA;100%
APLICAÇÃO DE CALCÁRIO;RIBAS - RAMIRES;SEM PRODUÇÃO PARA MOTORISTA;0%
APOIO ADUBACAO MECANIZADA;RIBAS - RAMIRES;MOTORISTA ADUBAÇÃO MECANIZADA;100%
APOIO ADUBACAO POR COBERTURA MANUAL;RIBAS - RAMIRES;MOTORISTA ADUBAÇÃO MECANIZADA;100%
APOIO AO CAMPO;RIBAS - RAMIRES;SEM PRODUÇÃO PARA MOTORISTA;0%
APOIO AO REPLANTIO;RIBAS - RAMIRES;MOTORISTA DO PLANTIO;100%
APOIO APLICACAO DE CALCARIO;RIBAS - RAMIRES;SEM PRODUÇÃO PARA MOTORISTA;0%
APOIO IRRIGACAO DE PLANTIO I;RIBAS - RAMIRES;MOTORISTA IRRIGAÇÃO;100%
APOIO IRRIGACAO DE PLANTIO II;RIBAS - RAMIRES;MOTORISTA IRRIGAÇÃO;100%
APOIO IRRIGACAO DE PLANTIO III;RIBAS - RAMIRES;MOTORISTA IRRIGAÇÃO;100%
APOIO IRRIGACAO REPLANTIO I;RIBAS - RAMIRES;MOTORISTA IRRIGAÇÃO;100%
APOIO IRRIGACAO REPLANTIO II;RIBAS - RAMIRES;MOTORISTA IRRIGAÇÃO;100%
APOIO IRRIGACAO REPLANTIO III;RIBAS - RAMIRES;MOTORISTA IRRIGAÇÃO;100%
APOIO PLANTIO;RIBAS - RAMIRES;MOTORISTA DO PLANTIO;100%
COMBATE A FORMIGAS MECANIZADO;RIBAS - RAMIRES;SEM PRODUÇÃO PARA MOTORISTA;0%
GRADAGEM ENTRELINHA;RIBAS - RAMIRES;SEM PRODUÇÃO PARA MOTORISTA;0%
PARADO A DISPOSICAO;RIBAS - RAMIRES;SEM PRODUÇÃO PARA MOTORISTA;0%
PARADO MANUTENCAO;RIBAS - RAMIRES;SEM PRODUÇÃO PARA MOTORISTA;0%
ROCADA MECANIZADA NA ENTRELINHA;RIBAS - RAMIRES;MOTORISTA ROÇADA MECANIZADA;100%
ROCADA MECANIZADA TOTAL;RIBAS - RAMIRES;MOTORISTA ROÇADA MECANIZADA;100%
SUBSOLAGEM E ADUBAÇÃO;RIBAS - RAMIRES;MOTORISTA PREPARO DE SOLO;50%
PRIMEIRA DESBROTA SEMI MECANIZADA;RIO PARDO DE MINAS;SEM PRODUÇÃO PARA MOTORISTA;0%
SEGUNDA DESBROTA SEMI MECANIZADA;RIO PARDO DE MINAS;SEM PRODUÇÃO PARA MOTORISTA;0%
1º REPASSE FORMIGAS MEC II - REFORMA;SUZANO HORIZONTE;SEM PRODUÇÃO PARA MOTORISTA;0%
ADUB SOLIDA COBERTURA MEC I IMPLANTAÇÃO;SUZANO HORIZONTE;MOTORISTA ADUBAÇÃO MECANIZADA;100%
ADUB SOLIDA COBERTURA MEC II REFORMA;SUZANO HORIZONTE;MOTORISTA ADUBAÇÃO MECANIZADA;100%
ADUBACAO COM MARCACAO DE COVA;SUZANO HORIZONTE;MOTORISTA ADUBAÇÃO MECANIZADA;100%
APL HERB PRE EMERG AUTOPROPELIDO REMONTA;SUZANO HORIZONTE;MOTORISTA APLICAÇÃO DE HERB. MECANIZADA;100%
APL HERB PRE EMERG TOTAL AUTOPROPELIDO;SUZANO HORIZONTE;MOTORISTA APLICAÇÃO DE HERB. MECANIZADA;100%
APL HERBICIDA MEC. AREA TOTAL;SUZANO HORIZONTE;MOTORISTA APLICAÇÃO DE HERB. MECANIZADA;100%
APL HERBICIDA PRE EMERG MECAN AREA TOTAL;SUZANO HORIZONTE;MOTORISTA APLICAÇÃO DE HERB. MECANIZADA;100%
APL HERBICIDA PRE EMERG MECAN REMONT;SUZANO HORIZONTE;MOTORISTA APLICAÇÃO DE HERB. MECANIZADA;100%
APLIC HERB MEC ENTRELINHA I IMPLANTAÇÃO;SUZANO HORIZONTE;MOTORISTA APLICAÇÃO DE HERB. MECANIZADA;100%
APLIC HERB MEC ENTRELINHA II REFORMA;SUZANO HORIZONTE;MOTORISTA APLICAÇÃO DE HERB. MECANIZADA;100%
APLIC HERB MECAN POS EMERG AREA TOTAL;SUZANO HORIZONTE;MOTORISTA APLICAÇÃO DE HERB. MECANIZADA;100%
APLIC HERB POS EMERG TOTAL AUTOPROPELIDO;SUZANO HORIZONTE;MOTORISTA APLICAÇÃO DE HERB. MECANIZADA;100%
APLIC. CALCARIO AREA TOTAL II REFORMA;SUZANO HORIZONTE;SEM PRODUÇÃO PARA MOTORISTA;0%
APLIC. CALCARIO AREA TOTAL IMPLANTAÇÃO;SUZANO HORIZONTE;SEM PRODUÇÃO PARA MOTORISTA;0%
APLICACAO MECANICA DE DEFEN QUIMICOS;SUZANO HORIZONTE;MOTORISTA APLICAÇÃO DE HERB. MECANIZADA;100%
APOIO AO CAMPO;SUZANO HORIZONTE;SEM PRODUÇÃO PARA MOTORISTA;0%
APOIO AO REPLANTIO;SUZANO HORIZONTE;MOTORISTA DO PLANTIO;100%
APOIO APLICACAO DE CALCARIO;SUZANO HORIZONTE;SEM PRODUÇÃO PARA MOTORISTA;0%
APOIO IRRIG PLANTIO I C/ GEL 1111 PLA;SUZANO HORIZONTE;MOTORISTA IRRIGAÇÃO;100%
APOIO IRRIG PLANTIO I C/ GEL 1333 PLANTA;SUZANO HORIZONTE;MOTORISTA IRRIGAÇÃO;100%
APOIO IRRIG PLANTIO I C/ GEL 1666 PLANTA;SUZANO HORIZONTE;MOTORISTA IRRIGAÇÃO;100%
APOIO IRRIG PLANTIO I S/ GEL 1111 PLA;SUZANO HORIZONTE;MOTORISTA IRRIGAÇÃO;100%
APOIO IRRIG PLANTIO I S/ GEL 1333 PLA;SUZANO HORIZONTE;MOTORISTA IRRIGAÇÃO;100%
APOIO IRRIG PLANTIO II C/ GEL 1111 PLA;SUZANO HORIZONTE;MOTORISTA IRRIGAÇÃO;100%
APOIO IRRIG PLANTIO II C/ GEL 1333 PLA;SUZANO HORIZONTE;MOTORISTA IRRIGAÇÃO;100%
APOIO IRRIG PLANTIO II S/ GEL 1111 PLA;SUZANO HORIZONTE;MOTORISTA IRRIGAÇÃO;100%
APOIO IRRIG PLANTIO II S/ GEL 1333 PLA;SUZANO HORIZONTE;MOTORISTA IRRIGAÇÃO;100%
APOIO IRRIG PLANTIO III C/ GEL 1111 PLA;SUZANO HORIZONTE;MOTORISTA IRRIGAÇÃO;100%
APOIO IRRIG PLANTIO III C/ GEL 1333 PLA;SUZANO HORIZONTE;MOTORISTA IRRIGAÇÃO;100%
APOIO IRRIG PLANTIO III S/ GEL 1111 PLA;SUZANO HORIZONTE;MOTORISTA IRRIGAÇÃO;100%
APOIO IRRIG PLANTIO III S/ GEL 1333 PLA;SUZANO HORIZONTE;MOTORISTA IRRIGAÇÃO;100%
APOIO IRRIG PLANTIO IV S/ GEL 1111 PLA;SUZANO HORIZONTE;MOTORISTA IRRIGAÇÃO;100%
APOIO IRRIG PLANTIO I S/ GEL 1666 PLA;SUZANO HORIZONTE;MOTORISTA IRRIGAÇÃO;100%
APOIO IRRIG PLANTIO IV S/ GEL 1333 PLA;SUZANO HORIZONTE;MOTORISTA IRRIGAÇÃO;100%
APOIO IRRIG PLANTIO V S/ GEL 1333 PLA;SUZANO HORIZONTE;MOTORISTA IRRIGAÇÃO;100%
APOIO IRRIG PLANTIO VI S/ GEL 1333 PLA;SUZANO HORIZONTE;MOTORISTA IRRIGAÇÃO;100%
APOIO IRRIGACAO REPLANTIO I;SUZANO HORIZONTE;MOTORISTA IRRIGAÇÃO;100%
APOIO IRRIGACAO REPLANTIO II;SUZANO HORIZONTE;MOTORISTA IRRIGAÇÃO;100%
APOIO IRRIGACAO REPLANTIO III;SUZANO HORIZONTE;MOTORISTA IRRIGAÇÃO;100%
APOIO IRRIGACAO REPLANTIO IV;SUZANO HORIZONTE;MOTORISTA IRRIGAÇÃO;100%
APOIO PLANTIO;SUZANO HORIZONTE;MOTORISTA DO PLANTIO;100%
CAPINA GRADE COM PRÉ EMERGENTE;SUZANO HORIZONTE;MOTORISTA APLICAÇÃO DE HERB. MECANIZADA;100%
COMBATE FORMIGAS LÍQUIDO;SUZANO HORIZONTE;MOTORISTA APLICAÇÃO DE HERB. MECANIZADA;100%
GRADAGEM ENTRELINHA;SUZANO HORIZONTE;SEM PRODUÇÃO PARA MOTORISTA;0%
IMP-CAPINA QUI MEC TOTAL AUTOPROPELIDO;SUZANO HORIZONTE;MOTORISTA APLICAÇÃO DE HERB. MECANIZADA;100%
IMP-CAPINA QUI PRÉ-EMERG. AUTOPROPELIDO;SUZANO HORIZONTE;MOTORISTA APLICAÇÃO DE HERB. MECANIZADA;100%
PARADO A DISPOSICAO;SUZANO HORIZONTE;SEM PRODUÇÃO PARA MOTORISTA;0%
PARADO MANUTENCAO;SUZANO HORIZONTE;SEM PRODUÇÃO PARA MOTORISTA;0%
ROLO FACA I;SUZANO HORIZONTE;SEM PRODUÇÃO PARA MOTORISTA;0%
SERV DIARIA MAQ PARADO;SUZANO HORIZONTE;SEM PRODUÇÃO PARA MOTORISTA;0%
SUBSOLAGEM C/ ADUB/MARCACÃO COVA IMPLANT;SUZANO HORIZONTE;MOTORISTA PREPARO DE SOLO;50%
SUBSOLAGEM C/ ADUB/MARCACÃO COVA REFORMA;SUZANO HORIZONTE;MOTORISTA PREPARO DE SOLO;50%
ADUBAÇÃO KCL;TRES MARIAS;MOTORISTA ADUBAÇÃO MECANIZADA;100%
ADUBAÇÃO MARCAÇÃO BACIAS MULTIUSO;TRES MARIAS;MOTORISTA ADUBAÇÃO MECANIZADA;100%
ADUBAÇÃO N:K;TRES MARIAS;MOTORISTA ADUBAÇÃO MECANIZADA;100%
APOIO AO CAMPO;TRES MARIAS;SEM PRODUÇÃO PARA MOTORISTA;0%
APOIO AO REPLANTIO;TRES MARIAS;MOTORISTA DO PLANTIO;100%
APOIO APLICACAO DE CALCARIO;TRES MARIAS;SEM PRODUÇÃO PARA MOTORISTA;0%
APOIO IRRIGACAO DE PLANTIO SEMIMEC I;TRES MARIAS;MOTORISTA IRRIGAÇÃO;100%
APOIO IRRIGACAO DE PLANTIO SEMIMEC II;TRES MARIAS;MOTORISTA IRRIGAÇÃO;100%
APOIO IRRIGACAO DE PLANTIO SEMIMEC III;TRES MARIAS;MOTORISTA IRRIGAÇÃO;100%
APOIO IRRIGACAO DE PLANTIO SEMIMEC IV;TRES MARIAS;MOTORISTA IRRIGAÇÃO;100%
APOIO IRRIGACAO DE PLANTIO SEMIMEC IX;TRES MARIAS;MOTORISTA IRRIGAÇÃO;100%
APOIO IRRIGACAO DE PLANTIO SEMIMEC V;TRES MARIAS;MOTORISTA IRRIGAÇÃO;100%
APOIO IRRIGACAO DE PLANTIO SEMIMEC VI;TRES MARIAS;MOTORISTA IRRIGAÇÃO;100%
APOIO IRRIGACAO DE PLANTIO SEMIMEC VII;TRES MARIAS;MOTORISTA IRRIGAÇÃO;100%
APOIO IRRIGACAO DE PLANTIO SEMIMEC VIII;TRES MARIAS;MOTORISTA IRRIGAÇÃO;100%
APOIO IRRIGACAO DE PLANTIO SEMIMEC X;TRES MARIAS;MOTORISTA IRRIGAÇÃO;100%
APOIO IRRIGACAO DE PLANTIO SEMIMEC XI;TRES MARIAS;MOTORISTA IRRIGAÇÃO;100%
APOIO IRRIGACAO DE PLANTIO SEMIMEC XII;TRES MARIAS;MOTORISTA IRRIGAÇÃO;100%
APOIO IRRIGACAO DE PLANTIO SEMIMEC XIII;TRES MARIAS;MOTORISTA IRRIGAÇÃO;100%
APOIO IRRIGACAO DE PLANTIO SEMIMEC XIV;TRES MARIAS;MOTORISTA IRRIGAÇÃO;100%
APOIO IRRIGACAO DE PLANTIO SEMIMEC XV;TRES MARIAS;MOTORISTA IRRIGAÇÃO;100%
APOIO IRRIGACAO DE PLANTIO SEMIMEC XVI;TRES MARIAS;MOTORISTA IRRIGAÇÃO;100%
APOIO IRRIGACAO DE PLANTIO SEMIMEC XVII;TRES MARIAS;MOTORISTA IRRIGAÇÃO;100%
APOIO IRRIGACAO DE PLANTIO SEMIMEC XVIII;TRES MARIAS;MOTORISTA IRRIGAÇÃO;100%
APOIO IRRIGACAO DE PLANTIO SEMIMEC XIX;TRES MARIAS;MOTORISTA IRRIGAÇÃO;100%
APOIO IRRIGACAO REPLANTIO I;TRES MARIAS;MOTORISTA IRRIGAÇÃO;100%
APOIO IRRIGACAO REPLANTIO II;TRES MARIAS;MOTORISTA IRRIGAÇÃO;100%
APOIO PLANTIO;TRES MARIAS;MOTORISTA DO PLANTIO;100%
DISTRIBUIÇÃO DE CALCÁRIO / GESSO;TRES MARIAS;MOTORISTA ADUBAÇÃO MECANIZADA;100%
ERRADICAÇÃO DE BROTAÇÃO MECANIZADO;TRES MARIAS;MOTORISTA APLICAÇÃO DE HERB. MECANIZADA;100%
HERBICIDA PRÉ-EMERGENTE MECANIZADO;TRES MARIAS;MOTORISTA APLICAÇÃO DE HERB. MECANIZADA;100%
HERBICIDA PÓS-EMERGENTE ENTRELINHA MECAN;TRES MARIAS;MOTORISTA APLICAÇÃO DE HERB. MECANIZADA;100%
HERBICIDA PÓS-EMERGENTE ÁREA TOTAL MECAN;TRES MARIAS;MOTORISTA APLICAÇÃO DE HERB. MECANIZADA;100%
HERBICIDA PRÉ-EMERG MEC. NA LINHA;TRES MARIAS;MOTORISTA APLICAÇÃO DE HERB. MECANIZADA;100%
PARADO A DISPOSICAO;TRES MARIAS;SEM PRODUÇÃO PARA MOTORISTA;0%
PARADO MANUTENCAO;TRES MARIAS;SEM PRODUÇÃO PARA MOTORISTA;0%
PREPARO DE SOLO RIPAGEM - NIVEL 2;TRES MARIAS;SEM PRODUÇÃO PARA MOTORISTA;0%
PRIMEIRA DESBROTA SEMI MECANIZADA;TRES MARIAS;SEM PRODUÇÃO PARA MOTORISTA;0%
ROCADA MECANIZADA NA ENTRELINHA;TRES MARIAS;MOTORISTA ROÇADA MECANIZADA;100%
ROCADA MECANIZADA NA ENTRELINHA 6 METROS;TRES MARIAS;MOTORISTA ROÇADA MECANIZADA;100%
ROCADA MECANIZADA TOTAL;TRES MARIAS;MOTORISTA ROÇADA MECANIZADA;100%
ROÇADA DE BROTO SEMI MECANIZADA;TRES MARIAS;SEM PRODUÇÃO PARA MOTORISTA;0%
ROÇADA SEMI MECANIZADA;TRES MARIAS;SEM PRODUÇÃO PARA MOTORISTA;0%
SEGUNDA DESBROTA SEMI MECANIZADA;TRES MARIAS;SEM PRODUÇÃO PARA MOTORISTA;0%
TERCEIRA DESBROTA SEMI MECANIZADA;TRES MARIAS;SEM PRODUÇÃO PARA MOTORISTA;0%
TRANSP. AGUA;TRES MARIAS;SEM PRODUÇÃO PARA MOTORISTA;0%
TRATOR DE PNEU MEDIO H NORMAL;TRES MARIAS;SEM PRODUÇÃO PARA MOTORISTA;0%
TRATOR DE PNEU PESADO H NORMAL;TRES MARIAS;SEM PRODUÇÃO PARA MOTORISTA;0%
TRATOR PNEU PESADO;TRES MARIAS;SEM PRODUÇÃO PARA MOTORISTA;0%
APLIC. DE HERB. NA ENTRELINHA (BROTAÇÃO);TTG MG;MOTORISTA APLICAÇÃO DE HERB. MECANIZADA;100%
APLICACAO HERBICIDA NA LINHA (BROTAÇÃO);TTG MG;MOTORISTA APLICAÇÃO DE HERB. MECANIZADA;100%
APLICAÇÃO DE GESSO;TTG MG;SEM PRODUÇÃO PARA MOTORISTA;0%
APLICAÇÃO DE HERBICIDA NA ENTRELINHA;TTG MG;MOTORISTA APLICAÇÃO DE HERB. MECANIZADA;100%
CAPINA QUIMICA EM AREA TOTAL;TTG MG;MOTORISTA APLICAÇÃO DE HERB. MECANIZADA;100%
ELIMINACAO MATOCOMPETICAO -DESBROTADEIRA;TTG MG;SEM PRODUÇÃO PARA MOTORISTA;0%
PARADO A DISPOSICAO;TTG MG;SEM PRODUÇÃO PARA MOTORISTA;0%
PARADO MANUTENCAO;TTG MG;SEM PRODUÇÃO PARA MOTORISTA;0%
PRIMEIRA ADUBAÇÃO DA BROTAÇÃO;TTG MG;MOTORISTA ADUBAÇÃO MECANIZADA;100%
SEGUNDA ADUBAÇÃO DA BROTAÇÃO;TTG MG;MOTORISTA ADUBAÇÃO MECANIZADA;100%
SEGUNDA ADUBAÇÃO MANUT. (REF. 12 MESES);TTG MG;MOTORISTA ADUBAÇÃO MECANIZADA;100%
PRIMEIRA ADUBAÇÃO MANUT. (REF. 6 MESES);TTG MG;MOTORISTA ADUBAÇÃO MECANIZADA;100%
PRIMEIRA CAPINA QUÍMICA NA ENTRELINHA;TTG MG;MOTORISTA APLICAÇÃO DE HERB. MECANIZADA;100%
ACEIRO QUIMICO;ESTREITO;MOTORISTA APLICAÇÃO DE HERB. MECANIZADA;100%
ADUB SOLIDA DE COBERTURA MECANICA I;ESTREITO;MOTORISTA ADUBAÇÃO MECANIZADA;100%
ADUB SOLIDA DE COBERTURA MECANICA II;ESTREITO;MOTORISTA ADUBAÇÃO MECANIZADA;100%
ADUB SOLIDA DE COBERTURA MECANICA III;ESTREITO;MOTORISTA ADUBAÇÃO MECANIZADA;100%
ADUBACAO COM MARCACAO DE COVA;ESTREITO;MOTORISTA ADUBAÇÃO MECANIZADA;100%
ADUBACAO DE PLANTIO MECANIZADA;ESTREITO;MOTORISTA ADUBAÇÃO MECANIZADA;100%
APL HERBICIDA PRE EMERG MECAN AREA TOTAL;ESTREITO;MOTORISTA APLICAÇÃO DE HERB. MECANIZADA;100%
APL HERBICIDA PRE EMERG MECAN NA LINHA;ESTREITO;MOTORISTA APLICAÇÃO DE HERB. MECANIZADA;100%
APL HERBICIDA PRE EMERG MECAN REMONT;ESTREITO;MOTORISTA APLICAÇÃO DE HERB. MECANIZADA;100%
APLI . HERB. MEC. NA ENTRELINHA CONJ;ESTREITO;MOTORISTA APLICAÇÃO DE HERB. MECANIZADA;100%
APLIC HERB MECAN POS EMERG AREA TOTAL;ESTREITO;MOTORISTA APLICAÇÃO DE HERB. MECANIZADA;100%
APLIC HERB. MECAN NA ENTRELINHA I ABERTA;ESTREITO;MOTORISTA APLICAÇÃO DE HERB. MECANIZADA;100%
APLICACAO HERBICIDA MEC  ENTRELINHA III;ESTREITO;MOTORISTA APLICAÇÃO DE HERB. MECANIZADA;100%
APLICACAO HERBICIDA MEC NA ENTRELINHA I;ESTREITO;MOTORISTA APLICAÇÃO DE HERB. MECANIZADA;100%
APLICACAO HERBICIDA MEC NA ENTRELINHA II;ESTREITO;MOTORISTA APLICAÇÃO DE HERB. MECANIZADA;100%
APLICACAO MEC DE DEFEN QUIMICOS AGROFOG;ESTREITO;MOTORISTA APLICAÇÃO DE HERB. MECANIZADA;100%
APOIO A ADUBACAO COMPLEMENTAR;ESTREITO;MOTORISTA ADUBAÇÃO MECANIZADA;100%
APOIO A ADUBAÇÃO DE PLANTIO MANUAL;ESTREITO;MOTORISTA ADUBAÇÃO MECANIZADA;100%
APOIO ADUBACAO MECANIZADA;ESTREITO;MOTORISTA ADUBAÇÃO MECANIZADA;100%
APOIO AO REPLANTIO;ESTREITO;MOTORISTA DO PLANTIO;100%
APOIO APLI. DE HERB. MANUAL NA LINHA;ESTREITO;MOTORISTA APLICAÇÃO DE HERB. MECANIZADA;100%
APOIO APLIC. DE HERBICIDA MANUAL TOTAL;ESTREITO;MOTORISTA APLICAÇÃO DE HERB. MECANIZADA;100%
APOIO APLIC.HERB. MANUAL NA ENTRELINHA;ESTREITO;MOTORISTA APLICAÇÃO DE HERB. MECANIZADA;100%
APOIO IRRIGACAO COM LODO PRIMARIO I;ESTREITO;MOTORISTA IRRIGAÇÃO;100%
APOIO IRRIGACAO DE PLANTIO I;ESTREITO;MOTORISTA IRRIGAÇÃO;100%
APOIO IRRIGACAO DE PLANTIO II;ESTREITO;MOTORISTA IRRIGAÇÃO;100%
APOIO IRRIGACAO DE PLANTIO III;ESTREITO;MOTORISTA IRRIGAÇÃO;100%
APOIO IRRIGACAO DE PLANTIO IV;ESTREITO;MOTORISTA IRRIGAÇÃO;100%
APOIO IRRIGACAO DE PLANTIO V;ESTREITO;MOTORISTA IRRIGAÇÃO;100%
APOIO IRRIGACAO REPLANTIO I;ESTREITO;MOTORISTA IRRIGAÇÃO;100%
APOIO IRRIGACAO REPLANTIO II;ESTREITO;MOTORISTA IRRIGAÇÃO;100%
APOIO IRRIGACAO REPLANTIO III;ESTREITO;MOTORISTA IRRIGAÇÃO;100%
APOIO IRRIGACAO REPLANTIO IV;ESTREITO;MOTORISTA IRRIGAÇÃO;100%
APOIO IRRIGACAO REPLANTIO V;ESTREITO;MOTORISTA IRRIGAÇÃO;100%
APOIO PLANTIO;ESTREITO;MOTORISTA DO PLANTIO;100%
GRADAGEM BEDDING;ESTREITO;SEM PRODUÇÃO PARA MOTORISTA;0%
GRADAGEM ENTRELINHA;ESTREITO;SEM PRODUÇÃO PARA MOTORISTA;0%
GRADAGEM NA LINHA;ESTREITO;SEM PRODUÇÃO PARA MOTORISTA;0%
IMP-CAPINA QUIMICA LAMINA PRE EMERGENTE;ESTREITO;MOTORISTA APLICAÇÃO DE HERB. MECANIZADA;100%
LIMPEZA DA LINHA DE PLANTIO AIVECAO I;ESTREITO;SEM PRODUÇÃO PARA MOTORISTA;0%
MARCACAO DE COVA MECANIZADA;ESTREITO;SEM PRODUÇÃO PARA MOTORISTA;0%
PARADO A DISPOSICAO;ESTREITO;SEM PRODUÇÃO PARA MOTORISTA;0%
PARADO MANUTENCAO;ESTREITO;SEM PRODUÇÃO PARA MOTORISTA;0%
ROCADA MECANIZADA NA ENTRELINHA;ESTREITO;MOTORISTA ROÇADA MECANIZADA;100%
ROCADA MECANIZADA TOTAL;ESTREITO;MOTORISTA ROÇADA MECANIZADA;100%
ROLO FACA;ESTREITO;SEM PRODUÇÃO PARA MOTORISTA;0%
ROLO FACA PESADO;ESTREITO;SEM PRODUÇÃO PARA MOTORISTA;0%
SUBSOLAGEM C/ADUB E MARC. DE COVA 40CM;ESTREITO;MOTORISTA PREPARO DE SOLO;50%
SUBSOLAGEM SEM ADU.TRATOR PESADO-40CM;ESTREITO;MOTORISTA PREPARO DE SOLO;50%
SUBSOLAGEM SEM ADUBACAO MECANIZADA 60CM;ESTREITO;MOTORISTA PREPARO DE SOLO;50%
TRANSP. FUNC.;ESTREITO;SEM PRODUÇÃO PARA MOTORISTA;0%
TRANSPORTES DIVERSOS;ESTREITO;SEM PRODUÇÃO PARA MOTORISTA;0%
TRATOR DE PNEU LEVE H NORMAL;ESTREITO;SEM PRODUÇÃO PARA MOTORISTA;0%
TRATOR DE PNEU MEDIO H NORMAL;ESTREITO;SEM PRODUÇÃO PARA MOTORISTA;0%
TRATOR DE PNEU PESADO H NORMAL;ESTREITO;SEM PRODUÇÃO PARA MOTORISTA;0%
SUBSOLAGEM 60 CM + ADUBAÇÃO + MARC. COVA;REGREEN;MOTORISTA ADUBAÇÃO MECANIZADA;50%



